Postion,Username,Type,Hand
P,Syd Kidd (MNSyd),Balanced/Contact,Left
P,Einhorn (Einhornfarm),Strikeout/Contact,Right
C,Garren Smudge (inocain),Neutral,Left
C,Burt Maclin (BMaclinFBI),Power,Left
1B,Luis Flemus (luisflemus12),Neutral,Left
1B,I.M. Organic (/u/Reverse-I_am_Organic),Power,Right
2B,Will Power (BearGuru),Neutral,Right
3B,Brent Royal (ShockerSeahawkRoyal),Power,Left
3B,Tsar Zaar (Tsar_Zaar),Contact,Right
SS,Rico Veringhipster (recoveringhipster),Contact,Left
LF,Cook Froster (CookieFroster),Contact,Right
LF,Assassin Panda (AssassinPanda97),Power,Left
LF,A.Z. Chapman (AZAthleticsfan),Power,Right
CF,S.K. Brettbug (skbrettbug),Contact,Left
RF,Garrett Ipnov (gipnov23),Contact,Right
P,Junks Tandem (JunksTandem),Strikeout/Neutral,Right
P,Cal Tiberius Jr. (tiberius-jr),Finesse/Neutral,Left
P,Matt Carver (Bip04),Strikeout/Contact,Left
C,Y.E. Wally (whywebuildthewall),Power,Right
1B,Len Monz (Lemmons17),Neutral,Right
1B,Jay Lupp (Jaelup),Contact,Left
2B,Trey Rangers (TheThreeRangers),Neutral,Right
3B,Charles Lindberg (Aviator157),Power,Left
3B,Phil Coulson (PHICOU10),Contact,Left
SS,H.B. Boink (hbboink),Contact,Right
LF,Matt Verdin (Vauntice),Neutral,Right
CF,Sadler Oriole (sadoriolesfan),Contact,Right
CF,C.J. Bastian (CJBastian),Power,Left
RF,Jake Blee (Blee10),Power,Right
P,Rob Pancakes (RobotPancakes),Strikeout/Contact,Left
P ,Chipper Dipper (IEatTranslations),Balanced/Neutral,Right
C,Indy Sayne (Museamaniac),Contact,Right
1B,Johnny Dickshot (numberonedork),Power,Right
2B,Clipper Charge (ClipDodgeCharge),Contact,Right
2B,Ludd van Shark (LadderShark),Neutral,Right
3B,Sam Smith (sasmith2015),Power,Right
3B,Eric Sluver (ecsluver_ ),Contact,Right
SS,Bernie Petrol (bernbp5),Neutral,Right
LF,Randy Nummer (826836),Neutral,Left
LF,Clark Web (cweb96),Neutral,Left
CF,Meerkat Timmons (snicklefritzed),Contact,Right
RF,Whit Merto (robertwhitmer),Contact,Right
P,Big Tuna (machiavellism),Balanced/Neutral,Right
P,Bartholemew Masters (RoyOswaltsTractor),Strikeout/Neutral,Left
C,BB Bambino Jr. (bbfriendshipexpress),Contact,Right
1B,Valentino Rollin (rollinvl),Power,Left
1B,King Fielder (Nerdfighter1174),Power,Right
2B,Merodach Baladan (ghostelephant),Contact,Right
3B,Casey Nine (kc9kvu),Contact,Left
3B,Martin Barnar (mbarnar),Power,Right
SS,Mason Spurs (miasanspurs),Contact,Left
LF,Morris Deratt (debater3301),Neutral,Left
CF,Sevag Vapor (savagevapor),Contact,Right
RF,Otis Nixon Sr. (almostthenewestdad),Power,Left
RF,Lightning Balls (lightning_balls),Contact,Right
P,Willoughby Hoose (Woozy_Woozle),Strikeout/Power,Left
P,Whitt Bass (kickthepony),Finesse/Contact,Right
C,Lemmy Fraser (woelemm),Neutral,Right
1B,Jay Money (iJayMoney),Contact,Right
2B,Jasper Orbit (AstrosNation),Contact,Left
2B,Derek Bongiovanni (thirdandwitten),Contact,Right
3B,Jimbo Fishy (ahappypoop),Contact,Right
SS,Chester Facto (CheetoFactor),Contact,Right
SS,Autumn Halladay (c4d3nza),Contact,Left
LF,Jacques Blaque (blaque15),Neutral,Right
LF,Riles McGiles (Riles_McGiles),Contact,Right
CF,Buck Cheeks (Buckcheeks),Power,Left
CF,Quint Kimbrel (imcerebrus),Contact,Left
RF,Triston Uzumaki (talknojutsu312),Contact,Right
RF,Chris Keebler (CrumbyCookie),Neutral ,Right
P,Hudson Quin (Pieanator),Strikeout/Power,Left
P,Pablo Sanchez (JE_25),Balanced/Neutral,Right
P,Tim Burr (westsidedog),Finesse/Contact,Right
C,Twinkie Power (TwinkiePower),Neutral,Left
C,Holden Ryder (CarolinaPanthers),Power,Right
1B,Travis Hanky (TCHankies),Neutral,Left
2B,Dark Bobman (Darkbobman1),Contact,Right
3B,Ron Eagle (Reagens_Eagle),Contact,Right
3B,Shiny Tenson (10sunshine),Neutral,Right
SS,Mike Cal (mcal24),Contact,Right
SS,"Jake ""JP"" Panik (jp1704)",Power,Left
LF,Jack Marnette (jmarnette),Contact,Right
LF,Daz Reference (ObsrefGames),Neutral,Right
CF,Pete Wheeler (Mcastagnaro30),Power,Right
RF,C.W. Mitzel (cwmitzel),Contact,Left
P,Sonny Streaker (5unstreaker),Finesse/Contact,Right
C,Bo-Horse Jackman (Phillyproud21),Neutral,Right
C,Kevin Arianna (hiariannalol),Power,Right
1B,Red Trapper (redbird_squirrel),Power,Left
1B,Art Inova (innovativeartwork),Power,Left
1B,James Maso (jamaso21),Contact,Right
2B,Xavier Crowbar (xCrowbar),Neutral,Right
3B,Mongster Mash (mongster_03),Neutral,Right
3B,Cold Honkey (Officer_ColdHonkey),Power,Right
SS,Trey Paste (sterling_mallory),Contact,Right
LF,Bix Kayne (bixkayne),Contact,Right
LF,Chocolate Smegma (Chocolate_Smegma),Contact,Left
CF,Pip Squires (TheSquires),Contact,Right
CF,Scotty Smalls (See_You_Laterr),Contact,Right
RF,James Earl Pwns (James_Earl_Pwns),Power,Right
P,Sal Shark (TheSalsaShark),Balanced/Neutral,Right
P,Jay Schwizzle (hinoisking),Finesse/Contact,Right
C,Art Zyz (Artzyz),Contact,Left
C,Bobson Dugnutt (ManillaFace),Contact,Right
C,Justin Virga (Jvirga10),Contact,Right
1B,Caleb VanVacter (cvanvacter77),Power,Right
2B,Kid Notcher (notyourchild),Contact,Right
2B,I.M. Robbot (imrobbot),Neutral,Right
2B,Max Wasson (maxwasson2),Contact,Right
3B,Sonny Scheim (sun-scheim),Power,Left
SS,Graham Othrie (grahm03),Power,Right
LF,Blue Moon Barthelemy (thebubs1024),Neutral,Right
CF,Grey Goose McGillicuddy (Ramicus),Contact,Right
RF,Boaty McBoatface (shadypizzaguy),Neutral,Right
RF,Brian Southwell (Sciddlywuds),Neutral,Left
P,Cy Hadd (TheChaddy),Strikeout/Power,Right
P,Oliver Yu (HelloAllOfYou),Balanced/Neutral,Right
C,KC Bats (kc3551),Neutral,Right
1B,Lefty Schweez (schweezey),Contact,Left
2B,Gil Metz (Metssuck),Power,Right
2B,Kyle Mack (kylemac22),Contact,Right
3B,Miguel Snow (biigdog),Power,Right
3B,Wei-Chen Rodriguez (JolIyJack),Power,Right
SS,Brandon Aconi (baconi44),Contact,Right
SS,Ross Fire (Crossfire912),Contact,Right
LF,Hunter Tuzero (Hunter-2_0),Power,Right
CF,Conrad Love (welovemeconrad),Neutral,Left
CF,Cambo Dia (horseydeucey),Contact,Left
RF,Obi-Wan Canoli (obiwan_canoli),Neutral,Right
RF,Conor McRedgor (thereddeathpasses),Contact,Right
P,Darth Vader (darthvader1521),Strikeout/Neutral,Right
P ,Bartholomew Crumblepuff (Eulebar),Balanced/Power,Left
C,Gare Doctor (GareDR333),Neutral,Right
C,Mike Anderson (mikea87),Contact,Right
1B,Jameson Poe (Toli820),Power,Right
1B,Jethro Jammer (bowliner344),Contact,Left
2B,Splash Nelson (splashshots),Contact,Right
3B,Johnny Hopkins (bubonicnarwhal),Neutral,Left
SS,Lance Lummox (Lummoxx),Neutral,Right
LF,Albie Smith (bballboy2),Contact,Right
CF,Jimmy Johns (323K13L),Contact,Left
RF,Baxter Payne (bgps1180),Neutral,Right
RF,Rory Nipponsteer (GroriousNipponSteer),Power,Right
P,S. A. R. Dinka (sardinka),Finesse/Contact,Right
P,Levi Pyram (livingpyramid),Balanced/Contact,Right
P,Ryan Gasting (roothockey),Strikeout/Contact,Left
C,Quentin Adams (Chaahps),Power,Right
C,Michael Voorhees (BigBatInsomniac),Neutral,Left
1B,Vinny Frumdibronks (nyrangersallday),Power,Right
2B,Graham Grams (RolePlayingGrandma1),Contact,Left
3B,Mike Honcho (ihavearedditaccount),Neutral,Right
SS,Lane Drew (StridentBoss),Contact,Left
LF,Forrest Gleeson (foreverfun),Neutral,Right
CF,Thomas Berry (tomatoisaberry),Contact,Right
CF,Victor Justice (Victors_Justice),Neutral,Left
CF,Augie Neintinowan (augie1901),Contact,Right
RF,Ziggy Ceder (ziggmiceter),Contact,Right
P,Jay Bedia (jaybedia),Strikeout/Power,Left
P,Hudson Hildebrandt (SenatorCam),Finesse/Power,Right
C,Mylo Grams (canigetawoop_woop),Contact,Right
1B,Bo Kinsella (BuiltForGirth),Neutral,Right
2B,Osmosis Jones (AdmiralJones42),Contact,Left
2B,Gene Hennig (geneticlyperfct),Contact,Right
3B,Humphrey Carter (Humpcatter),Neutral,Left
3B,Nathaniel Booth (Nbooth20),Power,Left
SS,Larry Wayne (Tomahawkn10),Power,Right
SS,Durgesh O'Leary (Communizmo),Power,Left
LF,Jason Girth (wilson1229),Power,Right
LF,Donnie Lindsanity (Phiask0),Power,Right
LF,Rusty LaRue (TheCity95),Neutral,Left
CF,Herrera O'Doubles (cloakington),Contact,Left
RF,Chad Barrett (chadbarrett50),Neutral,Right
P,Lim Tincecum (Phailadork),Finesse/Contact,Right
P,Tommy Foxconn (Tbird4427),Finesse/Neutral,Right
P,Jimbob Cooter (WowzersMcBrowzers),Finesse/Contact,Left
P,Kyle Grimes Jr. (Slimmestcharles),Finesse/Power,Right
P,Stickyfingers Ballerino (globalabortion),Strikeout/Power,Left
P,Ed Turner (Future_Tyrant),Finesse/Contact,Right
P,Yoren Snow (yoren_was_a_badass),Finesse/Contact,Left
P,Brandon Moore (Ddtbrandon),Strikeout/Contact,Right
P,Owen Uridge (camly75),Finesse/Neutral,Right
P,Superbone Threefinger (23baseball3),Finesse/Contact,Right
P,Con Copper (conbomb95),Strikeout/Contact,Right
P,Norwood McKenzie (master_synth_hades),Strikeout/Power,Left
P,Cameron Brate (Hinotamasoul),Finesse/Contact,Left
P,Harvey Bargeparge (harveyscale),Strikeout/Contact,Right
P,Moritz Stiefel (descole0),Balanced/Contact,Right
P,Andrew Peters (GoodMorningWood),Strikeout/Contact,Left
P,Johnny Dickshot (numberonedork),Strikeout/Power,Rigt
P,Garrett Evans (legacy3233),Strikeout/Contact,Right
C,Ronnie Voss (TouchEmAllJoe),Contact,Right
C,T.R. Guthrie (vinmaskinen),Power,Left
C,C.J. Yantzi (11th_Plague),Contact,Right
C,Barney Summers (CougMaster),Contact,Left
C,Picov Andropov (ElmoLibre),Contact,Right
C,Foxx Dashington (theDashingFoxWorking),Power,Right
C,Harry Cox (Icorbinator),Power,Right
C,Bax Dynkin (Hiten42),Power,Right
C,Jack Kasutori (kasutori_Jack),Contact,Right
C,Dog Man (gardeningwithciscoe),Contact,Right
C,Isaac Saffron (izsaf),Contact,Left
C,Ravittsu SuramubƒÅto (juststumbledacross),Neutral,Right
C,Willie Dustice (photomike),Power,Left
C,George Ewell (consemmae),Neutral,Right
C,Patrick Stump (stumpy3196),Power,Right
C,Forrest Saathoff (Xx420noskwopexx),Neutral,Right
C,Grimm Carp (enjoyingcarp650),Power,Right
C,Luis Flemus (luisflemus12),Neutral,Left
1B,Kelly Olynyk (Slayer_Of_Anubis),Neutral,Right
1B,Filthy Frank (CardsTricks42),Power,Left
1B,Joey McCarty (Joester09),Power,Right
1B,C.H Lee (dadagaja),Neutral,Right
1B,Jaco Banaco (Jaco927),Contact,Right
1B,Dante Knives (FaithlessValor),Power,Right
1B,Mitch Valentini (mapleleaftree27),Power,Right
1B,John Cheenah (Killslayer55),Power,Left
1B,Forehead Jones (toxic4Head),Power,Left
1B,Jumbo Dick (szabes),Power,Left
1B,Rusty Shackleford (BruceHopper),Power,Left
1B,Colby Hazlitt (newtdev),Contact,Right
1B,Zatch Amdursky (zatch17),Contact,Right
1B,Poo Diego (yusuf69),Neutral,Right
1B,Duke McCracken (Premature_Squirtle),Power,Right
1B,Kegs Mabry (Kegs_is_great),Power,Left
1B,Cannonball Dickerson (Temporarypoopz),Contact,Left
1B,Red Trapper (redbird_squirrel),Power,Left
2B,Michael Edelman (TacoBellMild),Power,Right
2B,"Clive ""Pudge"" Peters (Samazing4free)",Neutral,Left
2B,Aych Imtiyaz (Aychim),Contact,Right
2B,Seth Hansen (xzElmozx),Power,Left
2B,Herman Hernandez (ArmadilloFour),Contact,Right
2B,Tito Tantrum (Aurua),Contact,Right
2B,Nikki Falke (F117Nighthawk),Contact,Left
2B,Rob Atkins (TeamSquadUltra),Contact,Right
2B,James Pablano (pablito_locito),Contact,Right
2B,Vincent Adultman (plank_sinatra),Contact,Right
2B,Tedward Armweak (nada313),Contact,Right
2B,Ralph Smith (MpegEVIL),Contact,Right
2B,Zachary Benz (yoonlee13),Contact,Right
2B,Juan Diego De Las Rosas (Dancingtree444),Contact,Right
2B,LaMarcus Speed (beauxsox),Contact,Right
2B,Teddy Bauza (TBRunGood),Neutral,Right
2B,SM Brody (OneTrueBrody)*,Contact,Right
2B,Ben Beezle (B0ndzai),Contact,Right
2B,Flag Amuffin (flagamuffin),Neutral,Right
3B,Admiral Jaylen (Fylaktidis)*,Neutral,Right
3B,Jamison Wells (wass225),Contact,Right
3B,Booker Schultz (voncornhole),Power,Right
3B,Valentino Sanchez (conpollo27),Neutral,Right
3B,Henrik Omega (tomas3345),Power,Left
3B,Sven Jorgenson (LetsHaveAwkwardSex),Contact,Right
3B,Jay Embee (jmb-412),Neutral,Right
3B,Setanta Culainn (OTipsey),Power,Right
3B,Midoriya Izuku (Dasnoodledrop),Contact,Right
3B,Andrew Ross (missigsfan),Neutral,Right
3B,Percival Smithers (Percivalsmithers),Neutral,Right
3B,Andrew Rygruinn (stalwartness),Neutral,Right
3B,Dougal McGoogol (mcgoogol),Neutral,Right
3B,Rex Snare (homiej420),Power,Right
3B,Mike Hunt (-AnthonyAmadio),Power,Right
3B,Lee Allen Ripley (Subcheckforum),Contact,Right
3B,Jack Alpha (Androidsen),Neutral,Right
3B,Supreme Asslord (Pianoboner44) ,Contact/Balanced,Left
3B,Eric Sluver (ecsluver_ ),Contact,Right
SS,Lucas Bradstreet (WriterPLB),Contact,Right
SS,Boof Veiz (justinyhcc)*,Contact,Right
SS,Joe Broz (tweedledee_1),Power,Right
SS,Deezy Matthew (TheDuckHunt3r),Power,Right
SS,GH Morello (ghmorello)*,Power,Right
SS,Dwendle van Hammersmith (Pieladin),Contact,Right
SS,Moog Muffesser (brappp428),Contact,Right
SS,Scottish Tweegy (Tweegyjambo),Contact,Right
SS,Jimmy John (jtucker8),Neutral,Right
SS,Ripken Al-Halliday (Plaxus),Neutral,Right
SS,Ted James III (TheTCHammer),Contact,Right
SS,Andrew Sourdough (2182much),Contact,Right
SS,Rusty Kuntz (Thorsgrundle),Contact,Left
SS,Catfish O'Acid (CatsOnAcid),Contact,Right
SS,Pablo Sanchez (dillllllllll),Contact,Right
SS,Rich Chigga (-bandersnatch),Neutral,Right
SS,Mudflap Ricketts (kafkadre),Contact,Right
SS,Dom Stakes (DoomSteak13),Contact,Right
SS,Earl Leicester (Nolan4MVP),Power,Left
RF,Basebally McBaseballface (icanhasadhd),Neutral,Right
RF,Drew Cruz (rexas_tangers),Power,Left
RF,Haywood Jablome (AGMarasco),Power,Right
RF,Justin Paglia (pagsman96),Contact,Left
RF,Kentho Birne (/u/Natsochist),Contact,Left
RF,Jim Boeheim (RealJimBoeheim),Power,Right
RF,Salami Joe (MJA7),Power,Left
RF,Mince Pelling (Mispelling),Power,Left
RF,Joe Trundle (JLoother),Power,Right
RF,Dill Pickle (thejapanesepickle),Neutral,Right
RF,Elijah Trexler (Houndoomsday),Power,Right
RF,Mike T. Thumb (dropitlolo),Power,Right
RF,Jordan Peppers (bacon__sandwich),Neutral,Right
RF,Chad Masters (Witch_Docter77),Power,Left
RF,Tom Brazy (TomBrazy),Neutral,Right
RF,Jackson Takegi (dud5494),Contact,Right
CF,Kent Griffey III (Akfrozen12),Neutral,Left
CF,Pi Bacon (pitbaseball),Neutral,Right
CF,Ashton Westenburg (u/ashtonwestenburg ),Contact,Right
CF,Jazzy Jeff (1346718),Neutral,Right
CF,Justin Dingers (tcrain99),Neutral,Right
CF,Mike Oxlittle (rmcauliffe),Neutral,Right
CF,El Rapido Jimenez (spencerroloff),Neutral,Right
CF,Demondre Bradford (BrandonRK),Contact,Right
CF,Jesse Kilgannon (dragoncockles),Contact,Right
CF,Joe Watson (Crazymonkey1013),Neutral,Right
CF,James McGee (jdironman314),Neutral,Right
CF,Puckun Huckingly (kogerking),Neutral,Right
CF,Logen Ninefingers (ExpiringFrog),Neutral,Left
CF,Cardith Lorda (cardith_lorda),Contact,Left
CF,Dixie Wrecked (DeAndreJohnKins),Power,Left
CF,Quint Kimbrel (imcerebrus),Contact,Left
CF,Scotty Smalls (See_You_Laterr),Contact,Right
LF,Sleve McDichael (SudsyGiraffe),Power,Right
LF,Dominus Nominus (steelermade28),Neutral,Right
LF,Fly Spaceman (TheSpaceAge),Neutral,Left
LF,Shotgun McGee (shots17),Neutral,Right
LF,Billy Cutgrass (greysfordays),Power,Left
LF,Javier Abiscal (leprachaun77),Contact,Left
LF,Willy Ware (Equallizer249),Contact,Right
LF,Tony Provtree (2prov3),Contact,Right
LF,Connor Carter (Hulkanator),Neutral,Left
LF,Diligent Moose (BPenguinfire)*,Power,Left
LF,Matty Lynn (madelyncr),Neutral,Right
LF,AJ Fuckmeister (altuveisamidget),Power,Left
LF,Rambo McFly (dankscott),Neutral,Left
LF,Jebediah MacGuffin (doctorjesusjr),Contact,Left
LF,Charles Magnus (CharlemagneOfTheUSA),Power,Right
LF,Clark Web (cweb96),Neutral,Left
LF,Chad Baret (chadbarrett),Contact,Right